transaction_date,transaction_cnt,active_users,total_transferred,gas_fee,unique_users,retained_percent,daa_to_maa_ratio,cum_transferred
2024-06-02,22.0,16.0,1.1e+18,0.0014038521254930217,2.0,0.9375,0.48,1.1e+18
2024-06-03,17.0,15.0,0.0,0.0013476522972269817,0.0,1.0,0.45,1.1e+18
2024-06-04,21.0,18.0,3.117357532737538e+17,0.001538556965856529,3.0,0.8333333333333334,0.55,1.4117357532737539e+18
2024-06-05,22.0,18.0,5e+17,0.00166306912732552,1.0,1.0,0.55,1.9117357532737539e+18
2024-06-06,130.0,20.0,1.7e+17,0.020258684661458214,59.0,0.85,0.61,2.0817357532737539e+18
2024-06-07,44.0,19.0,7e+18,0.06555315685344376,22.0,0.9473684210526315,0.58,9.081735753273754e+18
2024-06-08,44.0,17.0,3e+17,0.001449160269747203,0.0,1.0,0.52,9.381735753273754e+18
2024-06-09,19.0,16.0,0.0,0.0012265079191884666,0.0,1.0,0.48,9.381735753273754e+18
2024-06-10,18.0,15.0,0.0,0.001298681170569783,0.0,1.0,0.45,9.381735753273754e+18
2024-06-11,31.0,21.0,5e+17,0.002063242222381731,6.0,0.7142857142857143,0.64,9.881735753273754e+18
2024-06-12,21.0,18.0,3e+17,0.0018482254982524642,1.0,1.0,0.55,1.0181735753273754e+19
2024-06-13,23.0,17.0,1.3e+18,0.0014192830765761906,0.0,0.9411764705882353,0.52,1.1481735753273754e+19
2024-06-14,31.0,18.0,3938623817735295.0,0.0016296469312083975,1.0,0.8888888888888888,0.55,1.148567437709149e+19
2024-06-15,25.0,19.0,4e+17,0.0014088532814338166,2.0,0.8947368421052632,0.58,1.188567437709149e+19
2024-06-16,23.0,18.0,1.5e+17,0.0011846157911722757,1.0,1.0,0.55,1.203567437709149e+19
2024-06-17,24.0,20.0,5e+17,0.0013418698272627998,1.0,0.9,0.61,1.253567437709149e+19
2024-06-18,27.0,22.0,3.381794980150081e+16,0.0015203151754975216,4.0,0.8636363636363636,0.67,1.256949232689299e+19
2024-06-19,24.0,18.0,0.0,0.0012929172232730168,1.0,1.0,0.55,1.256949232689299e+19
2024-06-20,24.0,19.0,9.06e+17,0.0012133906949142828,0.0,0.8947368421052632,0.58,1.347549232689299e+19
2024-06-21,23.0,19.0,0.0,0.001305142054219115,0.0,0.9473684210526315,0.58,1.347549232689299e+19
2024-06-22,22.0,17.0,0.0,0.0010780397307673104,0.0,0.9411764705882353,0.52,1.347549232689299e+19
2024-06-23,23.0,17.0,0.0,0.0010658297235836642,0.0,0.8823529411764706,0.52,1.347549232689299e+19
2024-06-24,25.0,19.0,0.0,0.0016344259602389302,0.0,0.8947368421052632,0.58,1.347549232689299e+19
2024-06-25,33.0,18.0,0.0,0.0013223158069342927,7.0,0.8888888888888888,0.55,1.347549232689299e+19
2024-06-26,28.0,18.0,9e+17,0.0012798349081074524,0.0,0.9444444444444444,0.55,1.437549232689299e+19
2024-06-27,35.0,19.0,0.0,0.00138508798813085,6.0,0.9473684210526315,0.58,1.437549232689299e+19
2024-06-28,39.0,22.0,2.804489759502792e+18,0.15678149319474316,7.0,0.8636363636363636,0.67,1.7179982086395783e+19
2024-06-29,27.0,21.0,0.0,0.04543174884311237,0.0,1.0,0.64,1.7179982086395783e+19
2024-06-30,25.0,20.0,0.0,0.03602644004406462,0.0,1.0,0.61,1.7179982086395783e+19
2024-07-01,42.0,20.0,0.0,0.031443620580466916,16.0,0.95,0.53,1.7179982086395783e+19
2024-07-02,25.0,20.0,0.0,0.033424988383034406,0.0,0.95,0.53,1.7179982086395783e+19
2024-07-03,27.0,20.0,0.0,0.03178360211716672,0.0,1.0,0.53,1.7179982086395783e+19
2024-07-04,32.0,23.0,4e+17,0.01688066178961902,1.0,0.8695652173913043,0.61,1.7579982086395783e+19
2024-07-05,62.0,23.0,1.8071465075639268e+18,0.29335917561668096,1.0,0.9130434782608695,0.61,1.938712859395971e+19
2024-07-06,27.0,21.0,3573253781963351.0,0.03490330870580608,0.0,0.9523809523809523,0.55,1.9390701847741673e+19
2024-07-07,26.0,19.0,0.0,0.034865510408922815,0.0,1.0,0.5,1.9390701847741673e+19
2024-07-08,26.0,20.0,0.0,0.033931934642268353,1.0,0.95,0.53,1.9390701847741673e+19
2024-07-09,28.0,21.0,0.0,0.023460665848071202,0.0,0.9523809523809523,0.55,1.9390701847741673e+19
2024-07-10,30.0,24.0,5e+16,0.019965444781097078,3.0,0.8333333333333334,0.63,1.9440701847741673e+19
2024-07-11,28.0,20.0,3573253781963351.0,0.03331915168705817,0.0,1.0,0.53,1.9444275101523636e+19
2024-07-12,42.0,27.0,1.2170732537819633e+18,0.2962668831506631,7.0,0.7407407407407407,0.71,2.06613483553056e+19
2024-07-13,27.0,20.0,0.0,0.024156902684757446,0.0,1.0,0.53,2.06613483553056e+19
2024-07-14,25.0,21.0,0.0,0.028779565633588036,0.0,0.9047619047619048,0.55,2.06613483553056e+19
2024-07-15,32.0,23.0,4000000000000000.0,0.021917067477391913,0.0,0.9130434782608695,0.61,2.06653483553056e+19
2024-07-16,27.0,21.0,0.0,0.027276410426158585,0.0,1.0,0.55,2.06653483553056e+19
2024-07-17,29.0,20.0,2e+17,0.010259961887020337,0.0,0.95,0.53,2.08653483553056e+19
2024-07-18,32.0,21.0,6e+17,0.012091714326973247,0.0,0.9523809523809523,0.55,2.14653483553056e+19
2024-07-19,40.0,26.0,2.0471930945057987e+17,0.0024517383036782407,1.0,0.8076923076923077,0.68,2.167006766475618e+19
2024-07-20,31.0,22.0,1.1942818651362414e+16,0.0015827164211622503,0.0,0.9090909090909091,0.58,2.168201048340754e+19
2024-07-21,31.0,23.0,4.5e+17,0.0018874870219604998,0.0,0.8695652173913043,0.61,2.213201048340754e+19
2024-07-22,57.0,22.0,4423614855967222.0,0.394416438574545,4.0,0.9090909090909091,0.58,2.2136434098263507e+19
2024-07-23,39.0,25.0,2.523306879888664e+18,0.0017995618471059493,4.0,0.8,0.66,2.465974097815217e+19
2024-07-24,30.0,17.0,0.0,0.0014616951745697495,0.0,1.0,0.45,2.465974097815217e+19
2024-07-25,45.0,24.0,1.0837629408377148e+16,0.0020043433588068306,1.0,0.7083333333333334,0.63,2.467057860756055e+19
2024-07-26,35.0,22.0,2695605025036947.0,0.0019527307733202505,0.0,0.9090909090909091,0.58,2.4673274212585587e+19
2024-07-27,34.0,20.0,0.0,0.00158611954182025,0.0,0.95,0.53,2.4673274212585587e+19
2024-07-28,28.0,21.0,2.1e+18,0.0014877350099877498,0.0,0.8571428571428571,0.55,2.6773274212585587e+19
2024-07-29,31.0,19.0,0.0,0.0017739099973077608,0.0,0.9473684210526315,0.5,2.6773274212585587e+19
2024-07-30,34.0,20.0,0.0,0.0016005640839978489,0.0,0.95,0.53,2.6773274212585587e+19
2024-07-31,44.0,25.0,1e+16,0.0016101467587322203,2.0,0.8,0.66,2.6783274212585587e+19
2024-08-01,38.0,21.0,5e+17,0.0018179617816057184,0.0,1.0,0.51,2.7283274212585587e+19
2024-08-02,34.0,21.0,0.0,0.0020117373060165858,0.0,0.9047619047619048,0.51,2.7283274212585587e+19
2024-08-03,33.0,19.0,0.0,0.0018997039626091705,0.0,1.0,0.46,2.7283274212585587e+19
2024-08-04,38.0,22.0,0.0,0.0023217959447982476,0.0,0.8636363636363636,0.54,2.7283274212585587e+19
2024-08-05,54.0,25.0,7.75e+17,0.005754246587647799,2.0,0.84,0.61,2.8058274212585587e+19
2024-08-06,37.0,21.0,1e+17,0.002029781216854043,3.0,0.9523809523809523,0.51,2.8158274212585587e+19
2024-08-07,40.0,23.0,2e+16,0.0016914904352679687,4.0,0.9130434782608695,0.56,2.8178274212585587e+19
2024-08-08,30.0,18.0,0.0,0.0019867773277775637,0.0,1.0,0.44,2.8178274212585587e+19
2024-08-09,35.0,21.0,1.5e+17,0.0019148701357628657,0.0,0.8571428571428571,0.51,2.8328274212585587e+19
2024-08-10,28.0,20.0,0.0,0.0013859226701102426,0.0,0.95,0.49,2.8328274212585587e+19
2024-08-11,34.0,20.0,0.0,0.0016849989635634702,0.0,0.95,0.49,2.8328274212585587e+19
2024-08-12,38.0,21.0,7e+18,0.001931600552797669,0.0,0.8571428571428571,0.51,3.5328274212585587e+19
2024-08-13,31.0,21.0,5.3e+17,0.0015022033120107498,0.0,0.9047619047619048,0.51,3.5858274212585587e+19
2024-08-14,33.0,21.0,4e+17,0.001599698192542032,3.0,0.9047619047619048,0.51,3.6258274212585587e+19
2024-08-15,35.0,22.0,0.0,0.002073904436629383,0.0,0.8636363636363636,0.54,3.6258274212585587e+19
2024-08-16,34.0,23.0,7.25e+17,0.0017896895292387495,1.0,0.8695652173913043,0.56,3.698327421258559e+19
2024-08-17,29.0,20.0,0.0,0.001565837111368392,0.0,1.0,0.49,3.698327421258559e+19
2024-08-18,28.0,20.0,0.0,0.00119208682303475,0.0,0.9,0.49,3.698327421258559e+19
2024-08-19,48.0,23.0,0.0,0.002182624102713347,8.0,0.8695652173913043,0.56,3.698327421258559e+19
2024-08-20,80.0,27.0,3.9999e+17,0.003770346523911108,45.0,0.8518518518518519,0.66,3.738326421258559e+19
2024-08-21,37.0,22.0,1e+17,0.0017593784952266924,2.0,0.8636363636363636,0.54,3.748326421258559e+19
2024-08-22,32.0,19.0,0.0,0.001971913029533126,0.0,0.8421052631578947,0.46,3.748326421258559e+19
2024-08-23,50.0,27.0,3.64e+18,0.0025861661761561105,10.0,0.6296296296296297,0.66,4.112326421258559e+19
2024-08-24,40.0,24.0,2000000000000000.0,0.002649650839508056,0.0,0.9583333333333334,0.59,4.112526421258559e+19
2024-08-25,37.0,24.0,7.677820557304862e+16,0.002256622920371551,3.0,0.9166666666666666,0.59,4.120204241815863e+19
2024-08-26,32.0,20.0,1150000000000000.0,0.002875134581402796,0.0,1.0,0.49,4.120319241815863e+19
2024-08-27,37.0,25.0,5.0554918821142534e+17,0.003711255555562011,1.0,0.8,0.61,4.170874160637006e+19
2024-08-28,37.0,22.0,5.1e+17,0.003546979158405351,1.0,0.9090909090909091,0.54,4.221874160637006e+19
2024-08-29,38.0,23.0,0.0,0.002865478316845225,3.0,0.782608695652174,0.56,4.221874160637006e+19
2024-08-30,46.0,26.0,0.0,0.0038080050235999334,11.0,0.8461538461538461,0.63,4.221874160637006e+19
2024-08-31,25.0,20.0,0.0,0.0024036458082628545,0.0,1.0,0.49,4.221874160637006e+19
2024-09-01,27.0,21.0,0.0,0.002581483321541052,0.0,0.9047619047619048,0.45,4.221874160637006e+19
2024-09-02,37.0,23.0,8e+17,0.0028413293301738254,0.0,0.8260869565217391,0.49,4.301874160637006e+19
2024-09-03,32.0,27.0,8.99999e+17,0.0026710762206593945,2.0,0.7407407407407407,0.57,4.3918740606370054e+19
2024-09-04,29.0,23.0,0.0,0.003200873769327074,0.0,0.9130434782608695,0.49,4.3918740606370054e+19
2024-09-05,30.0,23.0,1.15e+18,0.0027191862240230776,1.0,0.8695652173913043,0.49,4.5068740606370054e+19
2024-09-06,46.0,30.0,1.096525679343188e+16,0.00381502699693897,5.0,0.6333333333333333,0.64,4.507970586316349e+19
2024-09-07,24.0,19.0,0.0,0.0023460381550150008,0.0,0.9473684210526315,0.4,4.507970586316349e+19
2024-09-08,22.0,18.0,0.0,0.002307923401399715,0.0,0.9444444444444444,0.38,4.507970586316349e+19
2024-09-09,34.0,25.0,1.01e+17,0.0034690653004620774,3.0,0.68,0.53,4.518070586316349e+19
2024-09-10,39.0,24.0,2.2e+16,0.0036962181458084237,2.0,0.7916666666666666,0.51,4.520270586316349e+19
2024-09-11,38.0,26.0,2500000000000000.0,0.0054058813666889105,1.0,0.8076923076923077,0.55,4.520520586316349e+19
2024-09-12,26.0,22.0,0.0,0.0025569488264394016,0.0,0.9545454545454546,0.47,4.520520586316349e+19
2024-09-13,34.0,25.0,0.0,0.0031805466697069733,0.0,0.88,0.53,4.520520586316349e+19
2024-09-14,24.0,19.0,0.0,0.002114873352496551,0.0,1.0,0.4,4.520520586316349e+19
2024-09-15,25.0,19.0,0.0,0.002154254639200201,0.0,0.8947368421052632,0.4,4.520520586316349e+19
2024-09-16,38.0,25.0,4.014615655481361e+17,0.0027845324195505975,0.0,0.72,0.53,4.560666742871162e+19
2024-09-17,35.0,21.0,0.0,0.0027911002988971084,0.0,0.9523809523809523,0.45,4.560666742871162e+19
2024-09-18,34.0,21.0,3e+17,0.0035102855710495992,0.0,0.8095238095238095,0.45,4.590666742871162e+19
2024-09-19,40.0,22.0,1e+16,0.0032309845307285966,0.0,0.8181818181818182,0.47,4.591666742871162e+19
2024-09-20,44.0,27.0,3e+17,0.003970384859253316,2.0,0.7037037037037037,0.57,4.621666742871162e+19
2024-09-21,33.0,21.0,0.0,0.0026208600171241892,0.0,1.0,0.45,4.621666742871162e+19
2024-09-22,33.0,22.0,0.0,0.0027674550213527523,1.0,0.8181818181818182,0.47,4.621666742871162e+19
2024-09-23,34.0,21.0,1e+16,0.0033024388050376385,1.0,0.8095238095238095,0.45,4.622666742871162e+19
2024-09-24,39.0,27.0,7.5204e+18,0.0035026459165451006,0.0,0.6666666666666666,0.57,5.374706742871162e+19
2024-09-25,33.0,24.0,0.0,0.0034398530784330917,0.0,0.8333333333333334,0.51,5.374706742871162e+19
2024-09-26,50.0,25.0,8.1e+17,0.0043650917327693875,12.0,0.8,0.53,5.455706742871162e+19
2024-09-27,46.0,28.0,1.2e+18,0.004038534239980462,1.0,0.75,0.6,5.575706742871162e+19
2024-09-28,29.0,19.0,0.0,0.0024735522405052016,0.0,1.0,0.4,5.575706742871162e+19
2024-09-29,28.0,19.0,0.0,0.0026679444280396517,0.0,0.8947368421052632,0.4,5.575706742871162e+19
2024-09-30,33.0,22.0,1.5077966693174287e+18,0.004561278726450858,1.0,0.8181818181818182,0.47,5.726486409802905e+19
2024-10-01,31.0,25.0,5e+17,0.0058782745547041985,0.0,0.76,0.52,5.776486409802905e+19
2024-10-02,39.0,25.0,4.557004827285292e+17,0.004486872943317892,1.0,0.84,0.52,5.822056458075758e+19
2024-10-03,110.0,25.0,5.703981575586911e+16,0.004069085199529759,75.0,0.88,0.52,5.827760439651344e+19
2024-10-04,40.0,29.0,100000000000000.0,0.003818135012039931,4.0,0.6896551724137931,0.6,5.827770439651344e+19
2024-10-05,26.0,21.0,0.0,0.0030199535250524873,0.0,1.0,0.44,5.827770439651344e+19
2024-10-06,32.0,25.0,1e+18,0.0026544185509237016,0.0,0.8,0.52,5.927770439651344e+19
2024-10-07,28.0,22.0,0.0,0.0039998709349094615,0.0,0.9545454545454546,0.46,5.927770439651344e+19
2024-10-08,34.0,26.0,1e+18,0.0033461629900251315,0.0,0.7692307692307693,0.54,6.027770439651344e+19
2024-10-09,32.0,23.0,8.215249164815026e+16,0.003534663391340406,0.0,0.8260869565217391,0.48,6.035985688816159e+19
2024-10-10,27.0,21.0,9997270388516104.0,0.0035471660550007483,0.0,0.9047619047619048,0.44,6.036985415855011e+19
2024-10-11,38.0,28.0,5e+16,0.0045444190352211585,1.0,0.75,0.58,6.041985415855011e+19
2024-10-12,29.0,22.0,1.81e+18,0.0030559245934646067,0.0,0.9090909090909091,0.46,6.222985415855011e+19
2024-10-13,28.0,21.0,3.784075854429463e+16,0.0032707692310358486,2.0,0.8571428571428571,0.44,6.22676949170944e+19
2024-10-14,35.0,28.0,1.6721723085903314e+18,0.0050619327524176845,0.0,0.6785714285714286,0.58,6.393986722568473e+19
2024-10-15,32.0,24.0,0.0,0.004763625141599291,0.0,1.0,0.5,6.393986722568473e+19
2024-10-16,40.0,26.0,1.0194076232145617e+18,0.0048857017463949095,2.0,0.8461538461538461,0.54,6.495927484889929e+19
2024-10-17,38.0,22.0,1.0434459354182956e+18,0.005476924463270275,0.0,0.9090909090909091,0.46,6.600272078431759e+19
2024-10-18,34.0,27.0,0.0,0.006407885354370448,0.0,0.7407407407407407,0.56,6.600272078431759e+19
2024-10-19,24.0,21.0,0.0,0.0031548177074706097,0.0,1.0,0.44,6.600272078431759e+19
2024-10-20,29.0,24.0,1.1390087008637679e+18,0.0037008331338580654,0.0,0.75,0.5,6.714172948518135e+19
2024-10-21,27.0,21.0,0.0,0.003940901066192233,0.0,0.8571428571428571,0.44,6.714172948518135e+19
2024-10-22,25.0,21.0,0.0,0.003692199155490691,0.0,0.9047619047619048,0.44,6.714172948518135e+19
2024-10-23,29.0,22.0,0.0,0.007739536168554411,0.0,0.8636363636363636,0.46,6.714172948518135e+19
2024-10-24,30.0,20.0,0.0,0.0070899637299330145,0.0,0.95,0.42,6.714172948518135e+19
2024-10-25,28.0,24.0,5000000000000000.0,0.006609681700901801,0.0,0.75,0.5,6.714672948518135e+19
2024-10-26,26.0,20.0,2e+18,0.003811366735181982,0.0,0.95,0.42,6.914672948518135e+19
2024-10-27,25.0,20.0,0.0,0.0034161360663150556,0.0,0.85,0.42,6.914672948518135e+19
2024-10-28,32.0,23.0,1.3325929600305131e+17,0.005228208565837333,0.0,0.782608695652174,0.48,6.92799887811844e+19
2024-10-29,87.0,24.0,7.222e+17,0.008204859336001248,50.0,0.75,0.5,7.00021887811844e+19
2024-10-30,30.0,21.0,1e+18,0.005559877664102211,0.0,0.9523809523809523,0.44,7.10021887811844e+19
2024-10-31,33.0,24.0,1.3753551324809377e+18,0.005145274330736509,0.0,0.75,0.5,7.237754391366534e+19
2024-11-01,41.0,30.0,3.456292713251984e+17,0.005568671422335165,0.0,0.7666666666666667,0.58,7.2723173184990536e+19
2024-11-02,30.0,23.0,1.58e+18,0.004014614622172285,1.0,0.8695652173913043,0.44,7.430317318499054e+19
2024-11-03,29.0,23.0,1.35e+18,0.0059988478938183785,1.0,0.9130434782608695,0.44,7.565317318499054e+19
2024-11-04,32.0,24.0,0.0,0.007223962056250326,1.0,0.8333333333333334,0.46,7.565317318499054e+19
2024-11-05,28.0,22.0,6.882007566032875e+16,0.00701632024755784,0.0,0.8636363636363636,0.42,7.572199326065087e+19
2024-11-06,42.0,26.0,1.0521380032710998e+18,0.009765820258672802,0.0,0.8461538461538461,0.5,7.677413126392198e+19
2024-11-07,40.0,27.0,6.9474326349575176e+16,0.009739522934822673,0.0,0.9259259259259259,0.52,7.684360559027156e+19
2024-11-08,34.0,29.0,8231017064808403.0,0.00970086361280424,0.0,0.7586206896551724,0.56,7.685183660733637e+19
2024-11-09,26.0,22.0,0.0,0.006388546059886919,0.0,0.9545454545454546,0.42,7.685183660733637e+19
2024-11-10,28.0,21.0,0.0,0.010695788566230916,0.0,0.9047619047619048,0.4,7.685183660733637e+19
2024-11-11,32.0,23.0,1e+18,0.010856083791349223,0.0,0.8695652173913043,0.44,7.785183660733637e+19
2024-11-12,42.0,28.0,1.6769446296500634e+18,0.011443428864677835,0.0,0.75,0.54,7.952878123698643e+19
2024-11-13,42.0,27.0,1.4518403897771103e+18,0.01597229355611846,0.0,0.9629629629629629,0.52,8.098062162676354e+19
2024-11-14,44.0,30.0,3.2e+18,0.01413771466066209,0.0,0.8666666666666667,0.58,8.418062162676354e+19
2024-11-15,40.0,29.0,1.0343841443470181e+17,0.010084394975905346,0.0,0.9310344827586207,0.56,8.428406004119824e+19
2024-11-16,27.0,23.0,0.0,0.0053765833198586915,0.0,0.9130434782608695,0.44,8.428406004119824e+19
2024-11-17,28.0,23.0,1.1730631968046924e+16,0.006786825025824462,0.0,0.9130434782608695,0.44,8.429579067316629e+19
2024-11-18,30.0,24.0,8.50626702992174e+17,0.007933530633926874,1.0,0.8333333333333334,0.46,8.514641737615847e+19
2024-11-19,30.0,26.0,5e+17,0.006906530820134221,0.0,0.8076923076923077,0.5,8.564641737615847e+19
2024-11-20,34.0,27.0,1.0417e+18,0.006778828841673256,3.0,0.8518518518518519,0.52,8.668811737615847e+19
2024-11-21,36.0,25.0,1e+16,0.013041035826528812,0.0,0.8,0.48,8.669811737615847e+19
2024-11-22,34.0,28.0,1.4826510399526084e+16,0.009497991144024958,1.0,0.75,0.54,8.671294388655799e+19
2024-11-23,27.0,22.0,1.8e+18,0.009748069380130023,0.0,0.9090909090909091,0.42,8.851294388655799e+19
2024-11-24,31.0,26.0,1.210266094509445e+18,0.007605964621709359,1.0,0.7692307692307693,0.5,8.972320998106743e+19
2024-11-25,31.0,22.0,0.0,0.012255537898471527,0.0,0.9090909090909091,0.42,8.972320998106743e+19
2024-11-26,36.0,26.0,1.5186508045579456e+17,0.00898803747732719,0.0,0.7307692307692307,0.5,8.987507506152322e+19
2024-11-27,36.0,29.0,2.326615574097162e+18,0.012298970197834993,0.0,0.7931034482758621,0.56,9.220169063562038e+19
2024-11-28,30.0,26.0,5.002774068994868e+17,0.011396179611265201,2.0,0.8846153846153846,0.5,9.270196804251987e+19
2024-11-29,33.0,27.0,1.0316469168082702e+18,0.007752697954812952,0.0,0.7777777777777778,0.52,9.373361495932815e+19
2024-11-30,26.0,22.0,1e+16,0.007327372454868911,0.0,0.9545454545454546,0.42,9.374361495932815e+19
2024-12-01,28.0,23.0,1e+16,0.006724528595380344,0.0,0.9130434782608695,0.45,9.375361495932815e+19
2024-12-02,32.0,27.0,2.567938959132722e+16,0.009199642217937919,1.0,0.7407407407407407,0.53,9.377929434891947e+19
2024-12-03,30.0,26.0,1.5e+18,0.009950657850686554,0.0,0.8076923076923077,0.51,9.527929434891947e+19
2024-12-04,35.0,26.0,1.0525805242954839e+18,0.012591888161690186,0.0,0.8846153846153846,0.51,9.633187487321496e+19
2024-12-05,36.0,27.0,0.0,0.018106482880457003,0.0,0.8148148148148148,0.53,9.633187487321496e+19
2024-12-06,40.0,27.0,9.5e+18,0.016758488302159133,1.0,0.8888888888888888,0.53,1.0583187487321496e+20
2024-12-07,24.0,20.0,0.0,0.012979452462921197,0.0,1.0,0.39,1.0583187487321496e+20
2024-12-08,30.0,25.0,9.500969111896224e+18,0.02171132940621216,2.0,0.8,0.49,1.1533284398511119e+20
2024-12-09,32.0,24.0,1.0751970963249728e+16,0.02492748757009479,1.0,0.875,0.47,1.1534359595607443e+20
2024-12-10,30.0,22.0,2e+18,0.026202239543353892,0.0,0.9090909090909091,0.43,1.1734359595607443e+20
2024-12-11,36.0,27.0,1.5e+16,0.020429060670005373,0.0,0.7777777777777778,0.53,1.1735859595607443e+20
2024-12-12,46.0,27.0,1e+16,0.025589737736337635,16.0,0.8888888888888888,0.53,1.1736859595607443e+20
2024-12-13,45.0,27.0,5.09e+16,0.021526576653854067,14.0,0.8888888888888888,0.53,1.1741949595607443e+20
2024-12-14,30.0,26.0,2.666323209250666e+17,0.01709599385872117,0.0,0.8846153846153846,0.51,1.176861282769995e+20
2024-12-15,25.0,21.0,0.0,0.016859710050528293,0.0,0.9047619047619048,0.41,1.176861282769995e+20
2024-12-16,39.0,26.0,1.0525765365516306e+19,0.021944769972548905,3.0,0.7692307692307693,0.51,1.2821189364251581e+20
2024-12-17,69.0,28.0,3.4766e+16,0.021111543781169407,0.0,0.7857142857142857,0.55,1.2824665964251582e+20
2024-12-18,36.0,26.0,2.7613556253088397e+17,0.02669633149618015,2.0,0.8076923076923077,0.51,1.285227952050467e+20
2024-12-19,43.0,32.0,1.015746601074713e+18,0.0358520959254202,1.0,0.71875,0.63,1.2953854180612142e+20
2024-12-20,40.0,31.0,3.045213827847157e+16,0.03352899536674317,1.0,0.9032258064516129,0.61,1.2956899394439989e+20
2024-12-21,32.0,26.0,4.0002833767476777e+18,0.022401053389544668,1.0,0.9230769230769231,0.51,1.3356927732114756e+20
2024-12-22,35.0,24.0,2.8812022667379812e+16,0.021968801702744407,0.0,0.9166666666666666,0.47,1.3359808934381494e+20
2024-12-23,34.0,26.0,1.114273588150831e+16,0.025018610950848893,2.0,0.9230769230769231,0.51,1.3360923207969645e+20
2024-12-24,27.0,22.0,1e+16,0.027536396509782773,0.0,1.0,0.43,1.3361923207969645e+20
2024-12-25,28.0,24.0,1.6e+18,0.021761561033859497,0.0,0.8333333333333334,0.47,1.3521923207969645e+20
2024-12-26,34.0,27.0,2.0043024080742031e+18,0.02528417324162742,2.0,0.8518518518518519,0.53,1.3722353448777064e+20
2024-12-27,38.0,29.0,2.765668982515442e+18,0.025548214310277085,2.0,0.8620689655172413,0.57,1.399892034702861e+20
2024-12-28,30.0,22.0,0.0,0.01888278217992308,0.0,1.0,0.43,1.399892034702861e+20
2024-12-29,26.0,22.0,0.0,0.02029685299103561,0.0,0.8636363636363636,0.43,1.399892034702861e+20
2024-12-30,31.0,24.0,3.49e+17,0.02340004703546681,0.0,0.8333333333333334,0.47,1.403382034702861e+20
2024-12-31,44.0,30.0,2.5181784969527895e+18,0.020525398678393116,1.0,0.6666666666666666,0.59,1.4285638196723889e+20
2025-01-01,27.0,23.0,1e+16,0.02005403379301838,0.0,0.9130434782608695,0.38,1.4286638196723889e+20
2025-01-02,32.0,24.0,1.500339671372358e+18,0.02953011655528015,2.0,0.875,0.39,1.4436672163861126e+20
2025-01-03,33.0,29.0,0.0,0.03369470670584937,1.0,0.7586206896551724,0.48,1.4436672163861126e+20
2025-01-04,93.0,25.0,2.5e+18,0.03643109925369321,5.0,0.84,0.41,1.4686672163861126e+20
2025-01-05,32.0,24.0,3604828056499603.0,0.03373694919271983,2.0,0.875,0.39,1.4687032646666776e+20
2025-01-06,32.0,26.0,2.417744749646073e+16,0.045896399108812616,3.0,0.8076923076923077,0.43,1.4689450391416422e+20
2025-01-07,35.0,26.0,2e+18,0.04973923555721775,0.0,0.8846153846153846,0.43,1.4889450391416422e+20
2025-01-08,37.0,29.0,755675207446275.0,0.04522881557237028,2.0,0.7586206896551724,0.48,1.4889525958937166e+20
2025-01-09,37.0,28.0,1.0098435211664485e+18,0.05258306408379687,0.0,0.8571428571428571,0.46,1.499051031105381e+20
2025-01-10,38.0,32.0,1e+16,0.05702996764777443,0.0,0.8125,0.52,1.499151031105381e+20
2025-01-11,31.0,27.0,793608608443010.0,0.048386128478808,2.0,0.8888888888888888,0.44,1.4991589671914655e+20
2025-01-12,32.0,26.0,200000000000000.0,0.07452240105839278,0.0,0.7692307692307693,0.43,1.4991609671914655e+20
2025-01-13,45.0,31.0,1.0151204945975793e+18,0.046929964195099184,1.0,0.7419354838709677,0.51,1.5093121721374412e+20
2025-01-14,56.0,32.0,3.2831183017122063e+18,0.029618329823510217,16.0,0.8125,0.52,1.5421433551545634e+20
2025-01-15,57.0,36.0,2.0120257222964214e+18,0.027917346682057136,9.0,0.7777777777777778,0.59,1.5622636123775277e+20
2025-01-16,41.0,35.0,1500000000000000.0,0.02112818360325653,2.0,0.8,0.57,1.562278612377528e+20
2025-01-17,38.0,32.0,1.5202874032854858e+18,0.018448149324611772,1.0,0.90625,0.52,1.5774814864103827e+20
2025-01-18,38.0,30.0,1e+18,0.017171142484712066,1.0,0.8666666666666667,0.49,1.5874814864103827e+20
2025-01-19,45.0,30.0,1.0000730427143421e+18,0.025948972298773878,6.0,0.9,0.49,1.597482216837526e+20
2025-01-20,42.0,29.0,2.82197090654072e+18,0.03283352158844941,1.0,0.9655172413793104,0.48,1.625701925902933e+20
2025-01-21,42.0,28.0,0.0,0.021933524108718776,1.0,0.8928571428571429,0.46,1.625701925902933e+20
2025-01-22,32.0,26.0,0.0,0.01480217584764031,0.0,0.9230769230769231,0.43,1.625701925902933e+20
2025-01-23,37.0,27.0,1.8014988358604477e+18,0.020247928301230442,1.0,0.8518518518518519,0.44,1.6437169142615376e+20
2025-01-24,47.0,37.0,6.1869757600475e+17,0.014909483185596512,0.0,0.6486486486486487,0.61,1.649903890021585e+20
2025-01-25,32.0,25.0,72249295827005.0,0.010038152945605013,1.0,0.96,0.41,1.6499046125145434e+20
2025-01-26,28.0,22.0,0.0,0.009144969347175118,0.0,1.0,0.36,1.6499046125145434e+20
2025-01-27,39.0,28.0,0.0,0.03317419751643698,0.0,0.7857142857142857,0.46,1.6499046125145434e+20
2025-01-28,37.0,29.0,1.1198279919859444e+16,0.019710020552041435,2.0,0.8620689655172413,0.48,1.650016595313742e+20
2025-01-29,38.0,26.0,1e+18,0.019297991668748297,0.0,0.9230769230769231,0.43,1.660016595313742e+20
2025-01-30,30.0,23.0,0.0,0.015390833218714104,0.0,0.9565217391304348,0.38,1.660016595313742e+20
2025-01-31,43.0,33.0,3881867911806221.0,0.01919574257901761,1.0,0.696969696969697,0.54,1.66005541399286e+20
2025-02-01,37.0,27.0,3.4919312930258624e+17,0.01405130998920896,2.0,0.9259259259259259,0.59,1.6635473452858858e+20
2025-02-02,38.0,27.0,631012726044018.0,0.02819269849434494,1.0,0.8888888888888888,0.59,1.6635536554131463e+20
2025-02-03,52.0,32.0,4.734055564324402e+18,0.03982831970551349,4.0,0.75,0.7,1.7108942110563903e+20
2025-02-04,41.0,33.0,4e+17,0.021060238766525963,0.0,0.8181818181818182,0.72,1.7148942110563903e+20
2025-02-08,39.0,26.0,2.9705054512792064e+16,0.007363159322061865,2.0,0.8461538461538461,0.57,1.7151912616015184e+20
2025-02-09,32.0,25.0,100000000000000.0,0.007694226641005088,0.0,0.84,0.54,1.7151922616015186e+20
2025-02-10,38.0,28.0,5.847735853248893e+16,0.008677555833107522,2.0,0.8571428571428571,0.61,1.7157770351868435e+20
