date,token,value,readable_date
1656892800,DAI,1155564.71879,2022-07-04 00:00:00
1656979200,DAI,3328525.06782,2022-07-05 00:00:00
1657065600,DAI,3318331.82834,2022-07-06 00:00:00
1657152000,DAI,3358792.37989,2022-07-07 00:00:00
1657238400,DAI,3407477.64329,2022-07-08 00:00:00
1657324800,DAI,3509138.87406,2022-07-09 00:00:00
1657411200,DAI,3510275.26109,2022-07-10 00:00:00
1657497600,DAI,3536985.01762,2022-07-11 00:00:00
1657584000,DAI,3728841.60965,2022-07-12 00:00:00
1657670400,DAI,3704197.86216,2022-07-13 00:00:00
1657756800,DAI,3799430.26736,2022-07-14 00:00:00
1657843200,DAI,3792425.69804,2022-07-15 00:00:00
1657929600,DAI,3892336.81787,2022-07-16 00:00:00
1658016000,DAI,4039027.88518,2022-07-17 00:00:00
1658102400,DAI,4056552.26566,2022-07-18 00:00:00
1658188800,DAI,3959856.3062,2022-07-19 00:00:00
1658275200,DAI,4019998.86619,2022-07-20 00:00:00
1658361600,DAI,4175094.26886,2022-07-21 00:00:00
1658448000,DAI,4160926.35353,2022-07-22 00:00:00
1658534400,DAI,4595178.54816,2022-07-23 00:00:00
1658620800,DAI,4601530.23485,2022-07-24 00:00:00
1658707200,DAI,4694982.0944,2022-07-25 00:00:00
1658793600,DAI,4750876.07645,2022-07-26 00:00:00
1658880000,DAI,4661269.38239,2022-07-27 00:00:00
1658966400,DAI,4810306.07392,2022-07-28 00:00:00
1659052800,DAI,5206645.13725,2022-07-29 00:00:00
1659139200,DAI,5291298.25264,2022-07-30 00:00:00
1659225600,DAI,5471609.24491,2022-07-31 00:00:00
1659312000,DAI,5516814.57121,2022-08-01 00:00:00
1659398400,DAI,5506578.7736,2022-08-02 00:00:00
1659484800,DAI,5502913.06115,2022-08-03 00:00:00
1659571200,DAI,5568468.08036,2022-08-04 00:00:00
1659657600,DAI,5361953.51683,2022-08-05 00:00:00
1659744000,DAI,5403412.59002,2022-08-06 00:00:00
1659830400,DAI,5407675.28899,2022-08-07 00:00:00
1659916800,DAI,5486476.95724,2022-08-08 00:00:00
1660003200,DAI,5730096.42554,2022-08-09 00:00:00
1660089600,DAI,6523221.57461,2022-08-10 00:00:00
1660176000,DAI,6606294.06263,2022-08-11 00:00:00
1660262400,DAI,6669433.18311,2022-08-12 00:00:00
1660348800,DAI,6689964.91814,2022-08-13 00:00:00
1660435200,DAI,6710890.63734,2022-08-14 00:00:00
1660521600,DAI,6955112.616,2022-08-15 00:00:00
1660608000,DAI,6933598.44037,2022-08-16 00:00:00
1660694400,DAI,6928692.96771,2022-08-17 00:00:00
1660780800,DAI,6875954.68488,2022-08-18 00:00:00
1660867200,DAI,6770138.4919,2022-08-19 00:00:00
1660953600,DAI,6571899.6704,2022-08-20 00:00:00
1661040000,DAI,6553083.50399,2022-08-21 00:00:00
1661126400,DAI,6559970.5626,2022-08-22 00:00:00
1661212800,DAI,6530744.91919,2022-08-23 00:00:00
1661299200,DAI,6353997.63451,2022-08-24 00:00:00
1661385600,DAI,5664116.35462,2022-08-25 00:00:00
1661472000,DAI,5646763.67587,2022-08-26 00:00:00
1661558400,DAI,5570721.64944,2022-08-27 00:00:00
1661644800,DAI,5557294.72646,2022-08-28 00:00:00
1661731200,DAI,5586128.32662,2022-08-29 00:00:00
1661817600,DAI,5655280.67574,2022-08-30 00:00:00
1661904000,DAI,5571307.60072,2022-08-31 00:00:00
1661990400,DAI,5385143.12461,2022-09-01 00:00:00
1662076800,DAI,5453129.86262,2022-09-02 00:00:00
1662163200,DAI,5447658.90447,2022-09-03 00:00:00
1662249600,DAI,5442939.41232,2022-09-04 00:00:00
1662336000,DAI,5449163.46336,2022-09-05 00:00:00
1662422400,DAI,5458605.44087,2022-09-06 00:00:00
1662508800,DAI,5492874.58666,2022-09-07 00:00:00
1662595200,DAI,5459899.45542,2022-09-08 00:00:00
1662681600,DAI,5601178.94196,2022-09-09 00:00:00
1662768000,DAI,5668879.79961,2022-09-10 00:00:00
1662854400,DAI,5687737.31614,2022-09-11 00:00:00
1662940800,DAI,5663612.74886,2022-09-12 00:00:00
1663027200,DAI,5664146.63637,2022-09-13 00:00:00
1663113600,DAI,5465447.00769,2022-09-14 00:00:00
1663200000,DAI,5233264.09486,2022-09-15 00:00:00
1663286400,DAI,5649524.15805,2022-09-16 00:00:00
1663372800,DAI,5769408.0063,2022-09-17 00:00:00
1663459200,DAI,5785688.92407,2022-09-18 00:00:00
1663545600,DAI,5811978.2386,2022-09-19 00:00:00
1663632000,DAI,5832580.22985,2022-09-20 00:00:00
1663718400,DAI,5845517.07668,2022-09-21 00:00:00
1663804800,DAI,6100559.3729,2022-09-22 00:00:00
1663891200,DAI,6104691.60912,2022-09-23 00:00:00
1663977600,DAI,6188431.25283,2022-09-24 00:00:00
1664064000,DAI,6215142.79891,2022-09-25 00:00:00
1664150400,DAI,6246254.95431,2022-09-26 00:00:00
1664236800,DAI,6143727.83393,2022-09-27 00:00:00
1664323200,DAI,6126437.32118,2022-09-28 00:00:00
1664409600,DAI,6091327.42631,2022-09-29 00:00:00
1664496000,DAI,6262944.15353,2022-09-30 00:00:00
1664582400,DAI,6242337.8221,2022-10-01 00:00:00
1664668800,DAI,6237055.88411,2022-10-02 00:00:00
1664755200,DAI,6213740.23147,2022-10-03 00:00:00
1664841600,DAI,6082237.82464,2022-10-04 00:00:00
1664928000,DAI,6060322.82705,2022-10-05 00:00:00
1665014400,DAI,6005556.42466,2022-10-06 00:00:00
1665100800,DAI,5966408.7989,2022-10-07 00:00:00
1665187200,DAI,5935275.02674,2022-10-08 00:00:00
1665273600,DAI,5940890.84729,2022-10-09 00:00:00
1665360000,DAI,5904741.1776,2022-10-10 00:00:00
1665446400,DAI,5934088.25249,2022-10-11 00:00:00
1665532800,DAI,5854428.83763,2022-10-12 00:00:00
1665619200,DAI,5761023.7988,2022-10-13 00:00:00
1665705600,DAI,5680134.50963,2022-10-14 00:00:00
1665878400,DAI,5665389.45947,2022-10-16 00:00:00
1665964800,DAI,5631286.14064,2022-10-17 00:00:00
1666051200,DAI,5621270.03745,2022-10-18 00:00:00
1666137600,DAI,6430782.97376,2022-10-19 00:00:00
1666224000,DAI,6510578.21219,2022-10-20 00:00:00
1666310400,DAI,6666017.94099,2022-10-21 00:00:00
1666396800,DAI,6893932.41388,2022-10-22 00:00:00
1666483200,DAI,6978378.84294,2022-10-23 00:00:00
1666569600,DAI,6966545.7898,2022-10-24 00:00:00
1666656000,DAI,6894345.84977,2022-10-25 00:00:00
1666742400,DAI,6462388.58437,2022-10-26 00:00:00
1666828800,DAI,6421146.77056,2022-10-27 00:00:00
1666915200,DAI,6429884.70987,2022-10-28 00:00:00
1667001600,DAI,6412184.6718,2022-10-29 00:00:00
1667088000,DAI,6427360.08053,2022-10-30 00:00:00
1667174400,DAI,6390457.69681,2022-10-31 00:00:00
1667260800,DAI,6386485.69697,2022-11-01 00:00:00
1667347200,DAI,6374939.31405,2022-11-02 00:00:00
1667433600,DAI,6307120.13455,2022-11-03 00:00:00
1667520000,DAI,6297195.81398,2022-11-04 00:00:00
1667606400,DAI,6204853.99861,2022-11-05 00:00:00
1667692800,DAI,6248608.21539,2022-11-06 00:00:00
1667779200,DAI,6257016.05765,2022-11-07 00:00:00
1667865600,DAI,6080617.73384,2022-11-08 00:00:00
1667952000,DAI,5854377.73764,2022-11-09 00:00:00
1668038400,DAI,5596917.21487,2022-11-10 00:00:00
1668124800,DAI,5572155.79757,2022-11-11 00:00:00
1668211200,DAI,5521273.83536,2022-11-12 00:00:00
1668297600,DAI,5582716.27617,2022-11-13 00:00:00
1668384000,DAI,5574133.5064,2022-11-14 00:00:00
1668470400,DAI,5696985.08788,2022-11-15 00:00:00
1668556800,DAI,5700757.11129,2022-11-16 00:00:00
1668643200,DAI,5655733.36108,2022-11-17 00:00:00
1668729600,DAI,5604678.62662,2022-11-18 00:00:00
1668816000,DAI,5553004.46707,2022-11-19 00:00:00
1668902400,DAI,5547074.38845,2022-11-20 00:00:00
1668988800,DAI,5550019.05427,2022-11-21 00:00:00
1669075200,DAI,5454177.29015,2022-11-22 00:00:00
1669161600,DAI,5682407.86365,2022-11-23 00:00:00
1669248000,DAI,5711748.1763,2022-11-24 00:00:00
1669334400,DAI,5733763.41824,2022-11-25 00:00:00
1669420800,DAI,5697005.09495,2022-11-26 00:00:00
1669507200,DAI,5716812.20833,2022-11-27 00:00:00
1669593600,DAI,5714605.15202,2022-11-28 00:00:00
1669680000,DAI,5732858.7561,2022-11-29 00:00:00
1669766400,DAI,5789158.93977,2022-11-30 00:00:00
1669852800,DAI,5650336.77929,2022-12-01 00:00:00
1669939200,DAI,5670681.15958,2022-12-02 00:00:00
1670025600,DAI,5647690.80808,2022-12-03 00:00:00
1670112000,DAI,5635715.5634,2022-12-04 00:00:00
1670198400,DAI,5651902.94149,2022-12-05 00:00:00
1670284800,DAI,5651812.68891,2022-12-06 00:00:00
1670371200,DAI,6319556.82732,2022-12-07 00:00:00
1670457600,DAI,6333608.18098,2022-12-08 00:00:00
1670544000,DAI,6367862.26074,2022-12-09 00:00:00
1670630400,DAI,6374219.50611,2022-12-10 00:00:00
1670716800,DAI,6382224.53808,2022-12-11 00:00:00
1670803200,DAI,6375334.25182,2022-12-12 00:00:00
1670889600,DAI,6372019.13453,2022-12-13 00:00:00
1670976000,DAI,6400091.74147,2022-12-14 00:00:00
1671148800,DAI,6722872.05624,2022-12-16 00:00:00
1671235200,DAI,6621414.73263,2022-12-17 00:00:00
1671321600,DAI,6590390.92782,2022-12-18 00:00:00
1671408000,DAI,6591589.80652,2022-12-19 00:00:00
1671494400,DAI,6569651.76514,2022-12-20 00:00:00
1671580800,DAI,6563504.25325,2022-12-21 00:00:00
1671667200,DAI,6543963.08843,2022-12-22 00:00:00
1671753600,DAI,6504516.68043,2022-12-23 00:00:00
1671840000,DAI,6485498.81022,2022-12-24 00:00:00
1671926400,DAI,6428231.27348,2022-12-25 00:00:00
1672012800,DAI,6419652.77574,2022-12-26 00:00:00
1672099200,DAI,6436019.558,2022-12-27 00:00:00
1672185600,DAI,6438293.73279,2022-12-28 00:00:00
1672272000,DAI,6399331.83833,2022-12-29 00:00:00
1672358400,DAI,6361358.21564,2022-12-30 00:00:00
1672444800,DAI,6343713.49559,2022-12-31 00:00:00
1672531200,DAI,6342102.3643,2023-01-01 00:00:00
1672617600,DAI,6341284.95958,2023-01-02 00:00:00
1672704000,DAI,6341323.02287,2023-01-03 00:00:00
1672790400,DAI,6333796.70416,2023-01-04 00:00:00
1672876800,DAI,6353286.93138,2023-01-05 00:00:00
1672963200,DAI,6376672.97918,2023-01-06 00:00:00
1673049600,DAI,6370467.1428,2023-01-07 00:00:00
1673136000,DAI,6362892.17007,2023-01-08 00:00:00
1673222400,DAI,6378828.21824,2023-01-09 00:00:00
1673308800,DAI,6447059.81662,2023-01-10 00:00:00
1673395200,USDT,6422660.52199,2023-01-11 00:00:00
1673481600,USDT,6497220.34502,2023-01-12 00:00:00
1673568000,USDT,6470031.89828,2023-01-13 00:00:00
1673654400,USDT,6584023.42587,2023-01-14 00:00:00
1673740800,USDT,6560430.99083,2023-01-15 00:00:00
1673827200,USDT,6603447.57569,2023-01-16 00:00:00
1673913600,USDT,6609395.09016,2023-01-17 00:00:00
1674000000,USDT,6671516.62257,2023-01-18 00:00:00
1674086400,USDT,6889910.93066,2023-01-19 00:00:00
1674172800,USDT,6994272.34555,2023-01-20 00:00:00
1674259200,USDT,7263387.55458,2023-01-21 00:00:00
1674345600,USDT,7542635.11105,2023-01-22 00:00:00
1674432000,USDT,7693953.43185,2023-01-23 00:00:00
1674518400,USDT,10126116.22991,2023-01-24 00:00:00
1674604800,USDT,10748492.65189,2023-01-25 00:00:00
1674691200,USDT,11070292.42437,2023-01-26 00:00:00
1674777600,USDT,11562256.55724,2023-01-27 00:00:00
1674864000,USDT,11400913.91832,2023-01-28 00:00:00
1674950400,USDT,11407858.63671,2023-01-29 00:00:00
1675036800,USDT,11459430.72822,2023-01-30 00:00:00
1675123200,USDT,12103559.63972,2023-01-31 00:00:00
1675209600,USDT,13808345.8872,2023-02-01 00:00:00
1675296000,USDT,13913612.67708,2023-02-02 00:00:00
1675382400,USDT,13801211.53494,2023-02-03 00:00:00
1675468800,USDT,14045230.1383,2023-02-04 00:00:00
1675555200,USDT,14189399.31814,2023-02-05 00:00:00
1675641600,USDT,16721344.22116,2023-02-06 00:00:00
1675728000,USDT,17317772.9129,2023-02-07 00:00:00
1675814400,USDT,17563285.62611,2023-02-08 00:00:00
1675900800,USDT,19199287.95312,2023-02-09 00:00:00
1675987200,USDT,19279775.50653,2023-02-10 00:00:00
1676073600,USDT,19482980.08134,2023-02-11 00:00:00
1676160000,USDT,21584469.58656,2023-02-12 00:00:00
1676332800,USDT,21517509.51267,2023-02-14 00:00:00
1676419200,USDT,21522728.23848,2023-02-15 00:00:00
1676505600,USDT,21815545.86026,2023-02-16 00:00:00
1676592000,USDT,21610786.95182,2023-02-17 00:00:00
1676678400,USDT,21737771.35795,2023-02-18 00:00:00
1676764800,USDT,21822945.34262,2023-02-19 00:00:00
1676851200,USDT,21820928.84259,2023-02-20 00:00:00
1676937600,USDT,21889660.09659,2023-02-21 00:00:00
1677024000,USDT,21850290.64961,2023-02-22 00:00:00
1677110400,USDT,22263012.09571,2023-02-23 00:00:00
1677196800,USDT,22603530.78571,2023-02-24 00:00:00
1677283200,USDT,22699821.50939,2023-02-25 00:00:00
1677369600,USDT,22716531.09696,2023-02-26 00:00:00
1677456000,USDT,22950998.87943,2023-02-27 00:00:00
1677542400,USDT,23039300.13743,2023-02-28 00:00:00
1677628800,USDT,23946623.03847,2023-03-01 00:00:00
1677715200,USDT,24271579.42583,2023-03-02 00:00:00
1677801600,USDT,24026722.50205,2023-03-03 00:00:00
1677888000,USDT,24363508.37151,2023-03-04 00:00:00
1677974400,USDT,24383048.04439,2023-03-05 00:00:00
1678060800,USDT,24325709.20779,2023-03-06 00:00:00
1678147200,USDT,24485061.95782,2023-03-07 00:00:00
1678233600,USDT,24413420.65166,2023-03-08 00:00:00
1678320000,USDT,24609602.76899,2023-03-09 00:00:00
1678406400,USDT,24177131.79006,2023-03-10 00:00:00
1678492800,USDT,17433380.76299,2023-03-11 00:00:00
1678579200,USDT,12698363.88428,2023-03-12 00:00:00
1678665600,USDT,13892960.02603,2023-03-13 00:00:00
1678752000,USDT,14254218.8792,2023-03-14 00:00:00
1678838400,USDT,15513800.33995,2023-03-15 00:00:00
1678924800,USDT,15627340.22053,2023-03-16 00:00:00
1679011200,USDT,15043436.80522,2023-03-17 00:00:00
1679097600,USDT,15361473.44087,2023-03-18 00:00:00
1679184000,USDT,16980778.46996,2023-03-19 00:00:00
1679270400,USDT,18680065.40817,2023-03-20 00:00:00
1679356800,USDT,19720759.84715,2023-03-21 00:00:00
1679443200,USDT,19990581.80253,2023-03-22 00:00:00
1679529600,USDT,19810069.33118,2023-03-23 00:00:00
1679616000,USDT,19791285.01208,2023-03-24 00:00:00
1679702400,USDT,19639114.07529,2023-03-25 00:00:00
1679788800,USDT,19985071.24585,2023-03-26 00:00:00
1679875200,USDT,18825993.11666,2023-03-27 00:00:00
1679961600,USDT,18721428.2176,2023-03-28 00:00:00
1680048000,USDT,18970899.31065,2023-03-29 00:00:00
1680134400,USDT,18753813.97038,2023-03-30 00:00:00
1680220800,USDT,18566275.2403,2023-03-31 00:00:00
1680307200,USDT,19601373.12108,2023-04-01 00:00:00
1680393600,USDT,19816860.83355,2023-04-02 00:00:00
1680480000,USDT,19743440.39608,2023-04-03 00:00:00
1680566400,USDT,19232161.0219,2023-04-04 00:00:00
1680652800,USDT,19501383.90662,2023-04-05 00:00:00
1680739200,USDT,19684731.46934,2023-04-06 00:00:00
1680825600,USDT,19666983.30538,2023-04-07 00:00:00
1680912000,USDT,19652149.40969,2023-04-08 00:00:00
1680998400,USDT,19631932.52526,2023-04-09 00:00:00
1681084800,USDT,19579495.46265,2023-04-10 00:00:00
1681171200,USDT,19558729.90072,2023-04-11 00:00:00
1681257600,USDT,19660824.35487,2023-04-12 00:00:00
1681344000,USDT,19699697.58875,2023-04-13 00:00:00
1681516800,USDT,20366299.5659,2023-04-15 00:00:00
1681603200,USDT,20187613.41159,2023-04-16 00:00:00
1681689600,USDT,20132053.32025,2023-04-17 00:00:00
1681776000,USDT,20337815.67379,2023-04-18 00:00:00
1681862400,USDT,20326537.72251,2023-04-19 00:00:00
1681948800,USDT,20644348.53705,2023-04-20 00:00:00
1682035200,USDT,20737520.2653,2023-04-21 00:00:00
1682121600,USDT,21082989.07593,2023-04-22 00:00:00
1682208000,USDT,21123068.07474,2023-04-23 00:00:00
1682294400,USDT,21667341.9637,2023-04-24 00:00:00
1682380800,USDT,22347919.30646,2023-04-25 00:00:00
1682467200,USDT,23148466.30892,2023-04-26 00:00:00
1682553600,USDT,23380830.88635,2023-04-27 00:00:00
1682640000,USDT,23487778.24953,2023-04-28 00:00:00
1682726400,USDT,23477842.82345,2023-04-29 00:00:00
1682812800,USDT,23628750.62833,2023-04-30 00:00:00
1682899200,USDT,23617350.74623,2023-05-01 00:00:00
1682985600,USDT,23403130.69767,2023-05-02 00:00:00
1683072000,USDT,23091216.44776,2023-05-03 00:00:00
1683158400,USDT,23098722.38209,2023-05-04 00:00:00
1683331200,USDT,23074040.62924,2023-05-06 00:00:00
1683417600,USDT,23022534.52843,2023-05-07 00:00:00
1683504000,USDT,23076921.45848,2023-05-08 00:00:00
1683590400,USDT,22999724.51183,2023-05-09 00:00:00
1683676800,USDT,22180226.42132,2023-05-10 00:00:00
1683763200,USDT,21664285.5532,2023-05-11 00:00:00
1683849600,USDT,20966048.34149,2023-05-12 00:00:00
1683936000,USDT,20885767.30917,2023-05-13 00:00:00
1684022400,USDT,20838092.49058,2023-05-14 00:00:00
1684108800,USDT,20874769.74017,2023-05-15 00:00:00
1684195200,USDT,20976339.98822,2023-05-16 00:00:00
1684281600,USDT,21804420.62329,2023-05-17 00:00:00
1684368000,USDT,21950399.01198,2023-05-18 00:00:00
1684454400,USDT,21920275.46535,2023-05-19 00:00:00
1684540800,USDT,21907847.42125,2023-05-20 00:00:00
1684627200,USDT,21980091.93437,2023-05-21 00:00:00
1684713600,USDT,21938560.28677,2023-05-22 00:00:00
1684800000,USDT,21974381.73672,2023-05-23 00:00:00
1684886400,USDT,22133846.22744,2023-05-24 00:00:00
1684972800,USDT,22051183.37689,2023-05-25 00:00:00
1685059200,USDT,22163148.25423,2023-05-26 00:00:00
1685145600,USDT,22161780.25565,2023-05-27 00:00:00
1685232000,USDT,22222699.4366,2023-05-28 00:00:00
1685318400,USDT,22295558.361,2023-05-29 00:00:00
1685404800,USDT,21833995.1682,2023-05-30 00:00:00
1685491200,USDT,22004302.82235,2023-05-31 00:00:00
1685577600,USDT,22255211.37566,2023-06-01 00:00:00
1685664000,USDT,21920185.38008,2023-06-02 00:00:00
1685750400,USDT,22436043.78628,2023-06-03 00:00:00
1685836800,USDT,22442388.80714,2023-06-04 00:00:00
1685923200,USDT,22428287.35883,2023-06-05 00:00:00
1686009600,USDT,22351868.41931,2023-06-06 00:00:00
1686096000,USDT,22359976.07921,2023-06-07 00:00:00
1686182400,USDT,22110431.06665,2023-06-08 00:00:00
1686268800,USDT,22219346.00364,2023-06-09 00:00:00
1686355200,USDT,22196279.43162,2023-06-10 00:00:00
1686441600,USDT,22120190.27936,2023-06-11 00:00:00
1686528000,USDT,21560767.772,2023-06-12 00:00:00
1686614400,USDT,21580581.38926,2023-06-13 00:00:00
1686700800,USDT,21504129.78176,2023-06-14 00:00:00
1686787200,USDT,21114131.61878,2023-06-15 00:00:00
1686873600,USDT,21179563.34919,2023-06-16 00:00:00
1686960000,USDT,21153851.27576,2023-06-17 00:00:00
1687046400,USDT,21188002.98197,2023-06-18 00:00:00
1687132800,USDT,21298716.3231,2023-06-19 00:00:00
1687219200,USDT,21348510.78812,2023-06-20 00:00:00
1687305600,USDT,20891164.53053,2023-06-21 00:00:00
1687392000,USDT,20892608.84087,2023-06-22 00:00:00
1687478400,USDT,20886347.47326,2023-06-23 00:00:00
1687564800,USDT,20810623.50334,2023-06-24 00:00:00
1687651200,USDT,20772712.64214,2023-06-25 00:00:00
1687737600,USDT,20825776.96898,2023-06-26 00:00:00
1687824000,USDT,20838109.43007,2023-06-27 00:00:00
1687910400,USDT,20785650.31282,2023-06-28 00:00:00
1687996800,USDT,20810277.16317,2023-06-29 00:00:00
1688083200,USDT,20881521.68101,2023-06-30 00:00:00
1688169600,USDT,20451454.88688,2023-07-01 00:00:00
1688256000,USDT,20333374.30011,2023-07-02 00:00:00
1688342400,USDT,20371593.79571,2023-07-03 00:00:00
1688428800,USDT,20078969.34455,2023-07-04 00:00:00
1688515200,USDT,19139878.02473,2023-07-05 00:00:00
1688601600,USDT,19033590.14455,2023-07-06 00:00:00
1688688000,USDT,18928066.42206,2023-07-07 00:00:00
1688774400,USDT,18939625.25847,2023-07-08 00:00:00
1688860800,USDT,18989305.13811,2023-07-09 00:00:00
1688947200,USDT,18873419.29349,2023-07-10 00:00:00
1689033600,USDT,18407987.91736,2023-07-11 00:00:00
1689120000,USDT,18383337.66298,2023-07-12 00:00:00
1689206400,USDT,18220435.59099,2023-07-13 00:00:00
1689292800,USDT,18304032.85525,2023-07-14 00:00:00
1689379200,USDT,18385303.95607,2023-07-15 00:00:00
1689465600,USDT,18452723.84139,2023-07-16 00:00:00
1689552000,USDT,18424782.07516,2023-07-17 00:00:00
1689638400,USDT,18319268.9911,2023-07-18 00:00:00
1689724800,USDT,18236081.996,2023-07-19 00:00:00
1689811200,USDT,18203478.68755,2023-07-20 00:00:00
1689897600,USDT,18344752.07695,2023-07-21 00:00:00
1689984000,USDT,18326102.90917,2023-07-22 00:00:00
1690070400,USDT,14287569.58998,2023-07-23 00:00:00
1690156800,USDT,14287348.5489,2023-07-24 00:00:00
1690243200,USDT,14168209.41422,2023-07-25 00:00:00
1690329600,USDT,14187799.93677,2023-07-26 00:00:00
1690416000,USDT,13608632.18775,2023-07-27 00:00:00
1690502400,USDT,13605626.161,2023-07-28 00:00:00
1690588800,USDT,13570285.12162,2023-07-29 00:00:00
1690675200,USDT,13575559.87336,2023-07-30 00:00:00
1690761600,USDT,13539170.42626,2023-07-31 00:00:00
1690848000,USDT,13590499.86389,2023-08-01 00:00:00
1690934400,USDT,13604469.20805,2023-08-02 00:00:00
1691020800,USDT,13569518.34068,2023-08-03 00:00:00
1691107200,USDT,13540710.75428,2023-08-04 00:00:00
1691193600,USDT,13608351.02506,2023-08-05 00:00:00
1691280000,USDT,13588683.3889,2023-08-06 00:00:00
1691366400,USDT,13611825.66395,2023-08-07 00:00:00
1691452800,USDT,13461772.29165,2023-08-08 00:00:00
1691539200,USDT,13380643.72375,2023-08-09 00:00:00
1691625600,USDT,13271638.35691,2023-08-10 00:00:00
1691712000,USDT,13242420.11695,2023-08-11 00:00:00
1691884800,USDT,13234544.06881,2023-08-13 00:00:00
1691971200,USDT,13228343.11675,2023-08-14 00:00:00
1692057600,USDT,13226430.78733,2023-08-15 00:00:00
1692144000,USDT,13180625.87247,2023-08-16 00:00:00
1692230400,USDT,12963595.07772,2023-08-17 00:00:00
1692316800,USDT,12944419.37875,2023-08-18 00:00:00
1692403200,USDT,12904291.5671,2023-08-19 00:00:00
1692489600,USDT,12859076.7693,2023-08-20 00:00:00
1692576000,USDT,12848862.44401,2023-08-21 00:00:00
1692662400,USDT,12828173.47729,2023-08-22 00:00:00
1692748800,USDT,12756176.78382,2023-08-23 00:00:00
1692835200,USDT,12534326.29673,2023-08-24 00:00:00
1692921600,USDT,12605722.4037,2023-08-25 00:00:00
1693008000,USDT,12597315.48567,2023-08-26 00:00:00
1693094400,USDT,12589674.71025,2023-08-27 00:00:00
1693180800,USDT,12583899.22813,2023-08-28 00:00:00
1693267200,USDT,12574073.75353,2023-08-29 00:00:00
1693353600,USDT,12602335.88148,2023-08-30 00:00:00
1693440000,USDT,12476424.73454,2023-08-31 00:00:00
1693526400,USDT,12428116.19465,2023-09-01 00:00:00
1693612800,USDT,12333405.86321,2023-09-02 00:00:00
1693699200,USDT,12321125.37499,2023-09-03 00:00:00
1693785600,USDT,12309269.13309,2023-09-04 00:00:00
1693872000,USDT,12307611.70474,2023-09-05 00:00:00
1693958400,USDT,12212393.89056,2023-09-06 00:00:00
1694044800,USDT,12265463.8518,2023-09-07 00:00:00
1694131200,USDT,12235471.08541,2023-09-08 00:00:00
1694217600,USDT,12196386.92419,2023-09-09 00:00:00
1694304000,USDT,12204657.79289,2023-09-10 00:00:00
1694390400,USDT,12191935.72492,2023-09-11 00:00:00
1694476800,USDT,12072780.33087,2023-09-12 00:00:00
1694563200,USDT,12012549.26101,2023-09-13 00:00:00
1694649600,USDT,11986807.50068,2023-09-14 00:00:00
1694736000,USDT,11904646.52712,2023-09-15 00:00:00
1694822400,USDT,11901055.64008,2023-09-16 00:00:00
1694908800,USDT,11909894.56013,2023-09-17 00:00:00
1694995200,USDT,11856234.84947,2023-09-18 00:00:00
1695081600,USDT,11778948.40997,2023-09-19 00:00:00
1695168000,USDT,11749025.91946,2023-09-20 00:00:00
1695254400,USDT,11678080.21559,2023-09-21 00:00:00
1695340800,USDT,11674603.75199,2023-09-22 00:00:00
1695427200,USDT,11401125.77567,2023-09-23 00:00:00
1695513600,USDT,11396885.49072,2023-09-24 00:00:00
1695600000,USDT,11363092.12189,2023-09-25 00:00:00
1695686400,USDT,11346610.54063,2023-09-26 00:00:00
1695772800,USDT,11594642.0144,2023-09-27 00:00:00
1695859200,USDT,11628282.46544,2023-09-28 00:00:00
1695945600,USDT,11645101.4413,2023-09-29 00:00:00
1696032000,USDT,11641322.79813,2023-09-30 00:00:00
1696118400,USDT,11637396.01362,2023-10-01 00:00:00
1696204800,USDT,11655476.45747,2023-10-02 00:00:00
1696291200,USDT,11518719.62621,2023-10-03 00:00:00
1696377600,USDT,11515638.23719,2023-10-04 00:00:00
1696464000,USDT,11483274.64727,2023-10-05 00:00:00
1696550400,USDT,11382183.70944,2023-10-06 00:00:00
1696636800,USDT,11405434.72018,2023-10-07 00:00:00
1696723200,USDT,11407984.82045,2023-10-08 00:00:00
1696809600,USDT,11416284.08353,2023-10-09 00:00:00
1696896000,USDT,11413395.67702,2023-10-10 00:00:00
1696982400,USDT,11415807.94366,2023-10-11 00:00:00
1697068800,USDT,11279421.57002,2023-10-12 00:00:00
1697155200,USDT,11260936.14182,2023-10-13 00:00:00
1697241600,USDT,11756918.96731,2023-10-14 00:00:00
1697328000,USDT,11741195.2521,2023-10-15 00:00:00
1697414400,USDT,11752104.45873,2023-10-16 00:00:00
1697500800,USDT,11989822.58121,2023-10-17 00:00:00
1697587200,USDT,11962636.06955,2023-10-18 00:00:00
1697673600,USDT,11982102.27824,2023-10-19 00:00:00
1697760000,USDT,12002071.27408,2023-10-20 00:00:00
1697846400,USDT,12413068.7611,2023-10-21 00:00:00
1697932800,USDT,12471038.52271,2023-10-22 00:00:00
1698019200,USDT,12793550.44748,2023-10-23 00:00:00
1698105600,USDT,13153018.36734,2023-10-24 00:00:00
1698192000,USDT,13191816.22893,2023-10-25 00:00:00
1698278400,USDT,13453540.25523,2023-10-26 00:00:00
1698364800,USDT,13319388.04523,2023-10-27 00:00:00
1698451200,USDT,13276745.45846,2023-10-28 00:00:00
1698537600,USDT,13327990.02256,2023-10-29 00:00:00
1698624000,USDT,13393795.48606,2023-10-30 00:00:00
1698710400,USDT,13378480.18286,2023-10-31 00:00:00
1698796800,USDT,13451765.72831,2023-11-01 00:00:00
1698883200,USDT,13377982.18763,2023-11-02 00:00:00
1698969600,USDT,13298224.68734,2023-11-03 00:00:00
1699056000,USDT,13284766.51907,2023-11-04 00:00:00
1699142400,USDT,13373855.60939,2023-11-05 00:00:00
1699228800,USDT,13487701.73643,2023-11-06 00:00:00
1699315200,USDT,13542214.41978,2023-11-07 00:00:00
1699401600,USDT,13614137.65517,2023-11-08 00:00:00
1699488000,USDT,13771666.89063,2023-11-09 00:00:00
1699574400,USDT,14241700.6256,2023-11-10 00:00:00
1699660800,USDT,14278012.13187,2023-11-11 00:00:00
1699747200,USDT,14379163.61469,2023-11-12 00:00:00
1699833600,USDT,14425037.29507,2023-11-13 00:00:00
1699920000,USDT,14252127.09767,2023-11-14 00:00:00
1700006400,USDT,13950080.27073,2023-11-15 00:00:00
1700092800,USDT,14270595.79862,2023-11-16 00:00:00
1700179200,USDT,14106404.42092,2023-11-17 00:00:00
1700265600,USDT,14300972.66315,2023-11-18 00:00:00
1700352000,USDT,14168381.79911,2023-11-19 00:00:00
1700438400,USDT,14539498.32447,2023-11-20 00:00:00
1700524800,USDT,15178340.62525,2023-11-21 00:00:00
1700611200,USDT,15426791.44195,2023-11-22 00:00:00
1700697600,USDT,15988162.16062,2023-11-23 00:00:00
1700784000,USDT,15974801.58243,2023-11-24 00:00:00
1700870400,USDT,16158610.04183,2023-11-25 00:00:00
1700956800,USDT,16240340.28005,2023-11-26 00:00:00
1701043200,USDT,16316263.04462,2023-11-27 00:00:00
1701129600,USDT,16223402.03895,2023-11-28 00:00:00
1701216000,USDT,16493997.89209,2023-11-29 00:00:00
1701302400,USDT,17361252.47811,2023-11-30 00:00:00
1701388800,USDT,17440758.18569,2023-12-01 00:00:00
1701475200,USDT,17771141.69132,2023-12-02 00:00:00
1701561600,USDT,17990779.17773,2023-12-03 00:00:00
1701648000,USDT,18670511.9031,2023-12-04 00:00:00
1701734400,USDT,19029715.75237,2023-12-05 00:00:00
1701820800,USDT,20408377.43006,2023-12-06 00:00:00
1701907200,USDT,19255366.1298,2023-12-07 00:00:00
1701993600,USDT,19935965.94706,2023-12-08 00:00:00
1702080000,USDT,20112479.10422,2023-12-09 00:00:00
1702166400,USDT,20601987.49436,2023-12-10 00:00:00
1702252800,USDT,20824058.21736,2023-12-11 00:00:00
1702339200,USDT,20069053.62171,2023-12-12 00:00:00
1702425600,USDT,19970124.47766,2023-12-13 00:00:00
1702512000,USDT,20355221.2028,2023-12-14 00:00:00
1702598400,USDT,21299024.70968,2023-12-15 00:00:00
1702684800,USDT,20772388.15989,2023-12-16 00:00:00
1702771200,USDT,20963174.68233,2023-12-17 00:00:00
1702857600,USDT,20325172.21302,2023-12-18 00:00:00
1702944000,USDT,20210342.54218,2023-12-19 00:00:00
1703030400,USDT,20347214.45874,2023-12-20 00:00:00
1703116800,USDT,20163805.20267,2023-12-21 00:00:00
1703203200,USDT,20435726.1964,2023-12-22 00:00:00
1703289600,USDT,20858625.22821,2023-12-23 00:00:00
1703376000,USDT,20521198.6608,2023-12-24 00:00:00
1703462400,USDT,20548994.72903,2023-12-25 00:00:00
1703548800,USDT,20910002.60991,2023-12-26 00:00:00
1703635200,USDT,20448751.42817,2023-12-27 00:00:00
1703721600,USDT,22027853.29856,2023-12-28 00:00:00
1703808000,USDT,21177334.08389,2023-12-29 00:00:00
1703894400,USDT,20906266.04738,2023-12-30 00:00:00
1703980800,USDT,20746517.92125,2023-12-31 00:00:00
1704067200,USDT,20697652.32553,2024-01-01 00:00:00
1704153600,USDT,21724027.71721,2024-01-02 00:00:00
1704240000,USDT,20981286.0435,2024-01-03 00:00:00
1704326400,USDT,19569676.19102,2024-01-04 00:00:00
1704412800,USDT,20034975.50993,2024-01-05 00:00:00
1704499200,USDT,19882375.23361,2024-01-06 00:00:00
1704585600,USDT,19793984.94675,2024-01-07 00:00:00
1704672000,USDT,18977884.36521,2024-01-08 00:00:00
1704758400,USDT,19625472.82036,2024-01-09 00:00:00
1704844800,USDT,19850826.44585,2024-01-10 00:00:00
1704931200,USDT,21607615.64074,2024-01-11 00:00:00
1705017600,USDT,22469479.75365,2024-01-12 00:00:00
1705104000,USDT,21511324.97314,2024-01-13 00:00:00
1705190400,USDT,22621997.56256,2024-01-14 00:00:00
1705276800,USDT,21800173.1653,2024-01-15 00:00:00
1705363200,USDT,21964893.5768,2024-01-16 00:00:00
1705449600,USDT,22764564.59018,2024-01-17 00:00:00
1705536000,USDT,22354041.87047,2024-01-18 00:00:00
1705622400,USDT,21150537.08199,2024-01-19 00:00:00
1705708800,USDT,21246062.53194,2024-01-20 00:00:00
1705795200,USDT,21118698.0759,2024-01-21 00:00:00
1705881600,USDT,20976125.53302,2024-01-22 00:00:00
1705968000,USDT,19879673.77991,2024-01-23 00:00:00
1706054400,USDT,20420597.75689,2024-01-24 00:00:00
1706140800,USDT,20748138.53603,2024-01-25 00:00:00
1706227200,USDT,20717455.88785,2024-01-26 00:00:00
1706313600,USDT,21646600.42103,2024-01-27 00:00:00
1706400000,USDT,21678276.95961,2024-01-28 00:00:00
1706486400,USDT,21568618.97399,2024-01-29 00:00:00
1706572800,USDT,22353859.5041,2024-01-30 00:00:00
1706659200,USDT,22772290.01087,2024-01-31 00:00:00
1706745600,USDT,22065213.31863,2024-02-01 00:00:00
1706832000,USDT,21773286.30918,2024-02-02 00:00:00
1706918400,USDT,21620787.22058,2024-02-03 00:00:00
1707004800,USDT,21431534.86643,2024-02-04 00:00:00
1707091200,USDT,21331353.52281,2024-02-05 00:00:00
1707177600,USDT,21288628.36388,2024-02-06 00:00:00
1707264000,USDT,23123017.14795,2024-02-07 00:00:00
1707350400,USDT,24055266.79261,2024-02-08 00:00:00
1707436800,USDT,24000961.4205,2024-02-09 00:00:00
1707523200,USDT,25212026.44064,2024-02-10 00:00:00
1707609600,USDT,25060285.59294,2024-02-11 00:00:00
1707696000,USDT,24467739.34853,2024-02-12 00:00:00
1707782400,USDT,25716730.89759,2024-02-13 00:00:00
1707868800,USDT,25352293.15691,2024-02-14 00:00:00
1707955200,USDT,26846161.5363,2024-02-15 00:00:00
1708041600,USDT,26952829.38629,2024-02-16 00:00:00
1708128000,USDT,26778393.09494,2024-02-17 00:00:00
1708214400,USDT,26468140.66705,2024-02-18 00:00:00
1708300800,USDT,27542471.49436,2024-02-19 00:00:00
1708387200,USDT,28235444.2103,2024-02-20 00:00:00
1708473600,USDT,29619627.2464,2024-02-21 00:00:00
1708560000,USDT,28339268.1703,2024-02-22 00:00:00
1708646400,USDT,27294841.17879,2024-02-23 00:00:00
1708732800,USDT,25530426.60425,2024-02-24 00:00:00
1708819200,USDT,25311306.07844,2024-02-25 00:00:00
1708905600,USDT,26144693.52215,2024-02-26 00:00:00
1708992000,USDT,26306356.86076,2024-02-27 00:00:00
1709078400,USDT,26852977.02496,2024-02-28 00:00:00
1709164800,USDT,28438717.28832,2024-02-29 00:00:00
1709251200,USDT,27508340.17018,2024-03-01 00:00:00
1709337600,USDT,27467602.40368,2024-03-02 00:00:00
1709424000,USDT,26800534.34307,2024-03-03 00:00:00
1709510400,USDT,25499565.68814,2024-03-04 00:00:00
1709596800,USDT,23575974.00744,2024-03-05 00:00:00
1709683200,USDT,21465251.10472,2024-03-06 00:00:00
1709769600,USDT,22735867.79233,2024-03-07 00:00:00
1709856000,USDT,22305104.30264,2024-03-08 00:00:00
1709942400,USDT,23040188.58741,2024-03-09 00:00:00
1710028800,USDT,23530424.20869,2024-03-10 00:00:00
1710115200,USDT,23226871.93015,2024-03-11 00:00:00
1710201600,USDT,24430925.90631,2024-03-12 00:00:00
1710288000,USDT,22818045.63895,2024-03-13 00:00:00
1710374400,USDT,23292216.68259,2024-03-14 00:00:00
1710460800,USDT,22525515.36533,2024-03-15 00:00:00
1710547200,USDT,21259944.05655,2024-03-16 00:00:00
1710633600,USDT,19931592.94725,2024-03-17 00:00:00
1710720000,USDT,20108860.54968,2024-03-18 00:00:00
1710806400,USDT,20814618.48065,2024-03-19 00:00:00
1710892800,USDT,19947732.30213,2024-03-20 00:00:00
1710979200,USDT,20618053.6607,2024-03-21 00:00:00
1711065600,USDT,19945563.19282,2024-03-22 00:00:00
1711152000,USDT,19948452.2672,2024-03-23 00:00:00
1711238400,USDT,19940667.48066,2024-03-24 00:00:00
1711324800,USDT,20295510.41442,2024-03-25 00:00:00
1711411200,USDT,20749276.63339,2024-03-26 00:00:00
1711497600,USDT,21034145.66916,2024-03-27 00:00:00
1711584000,USDT,20533415.22158,2024-03-28 00:00:00
1711670400,USDT,20467873.88078,2024-03-29 00:00:00
1711756800,USDT,20548463.87444,2024-03-30 00:00:00
1711843200,USDT,20788363.00052,2024-03-31 00:00:00
1711929600,USDT,20993018.11049,2024-04-01 00:00:00
1712016000,USDT,19638429.57274,2024-04-02 00:00:00
1712102400,USDT,19489441.79211,2024-04-03 00:00:00
1712188800,USDT,20192469.05578,2024-04-04 00:00:00
1712275200,USDT,20330700.6216,2024-04-05 00:00:00
1712361600,USDT,19699639.33903,2024-04-06 00:00:00
1712448000,USDT,19763228.16861,2024-04-07 00:00:00
1712534400,USDT,19366802.44843,2024-04-08 00:00:00
1712620800,USDT,20924253.916,2024-04-09 00:00:00
1712707200,USDT,20897373.40605,2024-04-10 00:00:00
1712793600,USDT,19906314.37849,2024-04-11 00:00:00
1712966400,USDT,19196696.35941,2024-04-13 00:00:00
1713052800,USDT,18649733.03439,2024-04-14 00:00:00
1713139200,USDT,18780147.55925,2024-04-15 00:00:00
1713225600,USDT,18613452.45043,2024-04-16 00:00:00
1713312000,USDT,18137323.97992,2024-04-17 00:00:00
1713398400,USDT,17966505.20991,2024-04-18 00:00:00
1713484800,USDT,17960944.33388,2024-04-19 00:00:00
1713571200,USDT,18325214.94178,2024-04-20 00:00:00
1713657600,USDT,18397761.56205,2024-04-21 00:00:00
1713744000,USDT,18422577.45454,2024-04-22 00:00:00
1713830400,USDT,18546248.38921,2024-04-23 00:00:00
1713916800,USDT,18890379.20926,2024-04-24 00:00:00
1714003200,USDT,18627121.52657,2024-04-25 00:00:00
1714089600,USDT,18781450.11155,2024-04-26 00:00:00
1714176000,USDT,18200869.97994,2024-04-27 00:00:00
1714262400,USDT,18154244.09414,2024-04-28 00:00:00
1714348800,USDT,18962516.45641,2024-04-29 00:00:00
1714435200,USDT,18755817.14872,2024-04-30 00:00:00
1714521600,USDT,18687528.01771,2024-05-01 00:00:00
1714608000,USDT,18062516.11066,2024-05-02 00:00:00
1714694400,USDT,18132533.74583,2024-05-03 00:00:00
1714780800,USDT,18809525.61676,2024-05-04 00:00:00
1714867200,USDT,18709045.18495,2024-05-05 00:00:00
1714953600,USDT,18751791.82291,2024-05-06 00:00:00
1715040000,USDT,18675114.00948,2024-05-07 00:00:00
1715126400,USDT,18790368.06659,2024-05-08 00:00:00
1715212800,USDT,18587742.12261,2024-05-09 00:00:00
1715299200,USDT,19975372.53425,2024-05-10 00:00:00
1715385600,USDT,20983246.08324,2024-05-11 00:00:00
1715472000,USDT,21624882.63197,2024-05-12 00:00:00
1715558400,USDT,22325327.76393,2024-05-13 00:00:00
1715644800,USDT,23036202.59639,2024-05-14 00:00:00
1715731200,USDT,23496793.97822,2024-05-15 00:00:00
1715817600,USDT,25304414.90325,2024-05-16 00:00:00
1715904000,USDT,25096638.47333,2024-05-17 00:00:00
1715990400,USDT,26712105.29648,2024-05-18 00:00:00
1716076800,USDT,41105249.40359,2024-05-19 00:00:00
1716163200,USDT,45113583.5642,2024-05-20 00:00:00
1716249600,USDT,59745474.83364,2024-05-21 00:00:00
1716336000,USDT,65712117.85357,2024-05-22 00:00:00
1716422400,USDT,68738146.17331,2024-05-23 00:00:00
1716508800,USDT,70483769.49033,2024-05-24 00:00:00
1716595200,USDT,72149888.64375,2024-05-25 00:00:00
1716681600,USDT,72671731.35904,2024-05-26 00:00:00
1716768000,USDT,75475831.65181,2024-05-27 00:00:00
1716854400,USDT,76428580.2484,2024-05-28 00:00:00
1716940800,USDT,76114106.13046,2024-05-29 00:00:00
1717027200,USDT,74054684.64423,2024-05-30 00:00:00
1717113600,USDT,74625437.57233,2024-05-31 00:00:00
1717200000,USDT,76035247.91126,2024-06-01 00:00:00
1717286400,USDT,77574402.01805,2024-06-02 00:00:00
1717372800,USDT,77777335.82211,2024-06-03 00:00:00
1717459200,USDT,83011063.38171,2024-06-04 00:00:00
1717545600,USDT,87065353.47147,2024-06-05 00:00:00
1717718400,USDT,93329983.53527,2024-06-07 00:00:00
1717804800,USDT,88967844.12784,2024-06-08 00:00:00
1717891200,USDT,88656236.68568,2024-06-09 00:00:00
1717977600,USDT,88999447.28631,2024-06-10 00:00:00
1718064000,USDT,84378866.72912,2024-06-11 00:00:00
1718150400,USDT,80091594.35076,2024-06-12 00:00:00
1718236800,USDT,84666354.48031,2024-06-13 00:00:00
1718323200,USDT,80629404.49715,2024-06-14 00:00:00
1718409600,USDT,79800749.4147,2024-06-15 00:00:00
1718496000,USDT,82366581.72027,2024-06-16 00:00:00
1718582400,USDT,85431255.80031,2024-06-17 00:00:00
1718668800,USDT,82360834.64321,2024-06-18 00:00:00
1718755200,USDT,79202575.54302,2024-06-19 00:00:00
1718841600,USDT,81644900.72588,2024-06-20 00:00:00
1718928000,USDT,80876518.56013,2024-06-21 00:00:00
1719014400,USDT,42553191.12695,2024-06-22 00:00:00
1719100800,USDT,39669682.85131,2024-06-23 00:00:00
1719187200,USDT,37678688.70328,2024-06-24 00:00:00
1719273600,USDT,32856550.01046,2024-06-25 00:00:00
1719360000,USDT,34418261.48521,2024-06-26 00:00:00
1719446400,USDT,33545297.31874,2024-06-27 00:00:00
1719532800,USDT,33447219.38931,2024-06-28 00:00:00
1719619200,USDT,31568387.41358,2024-06-29 00:00:00
1719705600,USDT,31769293.59925,2024-06-30 00:00:00
1719792000,USDT,35462223.66348,2024-07-01 00:00:00
1719878400,USDT,40553372.99319,2024-07-02 00:00:00
1719964800,USDT,42414626.14378,2024-07-03 00:00:00
1720051200,USDT,43398008.03469,2024-07-04 00:00:00
1720137600,USDT,46065119.13856,2024-07-05 00:00:00
1720224000,USDT,55805203.9011,2024-07-06 00:00:00
1720310400,USDT,62265574.01548,2024-07-07 00:00:00
1720396800,USDT,57075774.44161,2024-07-08 00:00:00
1720483200,USDT,63644918.63697,2024-07-09 00:00:00
1720569600,USDT,66301792.99563,2024-07-10 00:00:00
1720656000,USDT,68257324.66614,2024-07-11 00:00:00
1720742400,USDT,68883624.20631,2024-07-12 00:00:00
1720828800,USDT,70860413.58709,2024-07-13 00:00:00
1720915200,USDT,72859259.88434,2024-07-14 00:00:00
1721001600,USDT,79579175.18332,2024-07-15 00:00:00
1721088000,USDT,93485643.71764,2024-07-16 00:00:00
1721174400,USDT,93318417.19039,2024-07-17 00:00:00
1721260800,USDT,93050275.08369,2024-07-18 00:00:00
1721347200,USDT,94107757.94903,2024-07-19 00:00:00
1721433600,USDT,102069170.00627,2024-07-20 00:00:00
1721520000,USDT,105822535.34154,2024-07-21 00:00:00
1721606400,USDT,109812994.31177,2024-07-22 00:00:00
1721692800,USDT,106627278.74101,2024-07-23 00:00:00
1721779200,USDT,103311742.6056,2024-07-24 00:00:00
1721865600,USDT,99724174.06525,2024-07-25 00:00:00
1721952000,USDT,94620966.30974,2024-07-26 00:00:00
1722038400,USDT,102538193.70941,2024-07-27 00:00:00
1722124800,USDT,104488519.93619,2024-07-28 00:00:00
1722211200,USDT,102174890.17359,2024-07-29 00:00:00
1722297600,USDT,103797022.27319,2024-07-30 00:00:00
1722384000,USDT,98582406.23472,2024-07-31 00:00:00
1722470400,USDT,93870741.4006,2024-08-01 00:00:00
1722556800,USDT,92245852.21029,2024-08-02 00:00:00
1722643200,USDT,75877885.41937,2024-08-03 00:00:00
1722729600,USDT,68972532.40513,2024-08-04 00:00:00
1722816000,USDT,59606144.28679,2024-08-05 00:00:00
1722902400,USDT,35061878.29475,2024-08-06 00:00:00
1722988800,USDT,35662215.20107,2024-08-07 00:00:00
1723075200,USDT,31738663.59908,2024-08-08 00:00:00
1723161600,USDT,37014867.79139,2024-08-09 00:00:00
1723248000,USDT,36329080.40154,2024-08-10 00:00:00
1723334400,USDT,34126478.55242,2024-08-11 00:00:00
1723420800,USDT,31164929.69968,2024-08-12 00:00:00
1723507200,USDT,31075625.18028,2024-08-13 00:00:00
1723593600,USDT,32036338.97999,2024-08-14 00:00:00
1723680000,USDT,30334923.3573,2024-08-15 00:00:00
1723766400,USDT,29635369.25844,2024-08-16 00:00:00
1723852800,USDT,30748349.75652,2024-08-17 00:00:00
1723939200,USDT,30819808.13618,2024-08-18 00:00:00
1724025600,USDT,31333026.2122,2024-08-19 00:00:00
1724803200,USDT,34115343.99255,2024-08-28 00:00:00
1724889600,USDT,34444239.06547,2024-08-29 00:00:00
1724976000,USDT,32957309.18454,2024-08-30 00:00:00
1725062400,USDT,32793668.11334,2024-08-31 00:00:00
1725148800,USDT,32778589.88106,2024-09-01 00:00:00
1725235200,USDT,31823219.09285,2024-09-02 00:00:00
1725321600,USDT,32662803.72087,2024-09-03 00:00:00
1725408000,USDT,30961060.67876,2024-09-04 00:00:00
1725494400,USDT,31096088.0595,2024-09-05 00:00:00
1725580800,USDT,29104939.89094,2024-09-06 00:00:00
1725667200,USDT,27757269.6071,2024-09-07 00:00:00
1725753600,USDT,27065969.82824,2024-09-08 00:00:00
1725840000,USDT,27604274.9639,2024-09-09 00:00:00
1725926400,USDT,28708840.19135,2024-09-10 00:00:00
1726012800,USDT,28795251.12792,2024-09-11 00:00:00
1726099200,USDT,27697856.41835,2024-09-12 00:00:00
1726185600,USDT,28369426.39063,2024-09-13 00:00:00
1726272000,USDT,29892921.99315,2024-09-14 00:00:00
1726358400,USDT,29003933.83352,2024-09-15 00:00:00
1726444800,USDT,27903499.99447,2024-09-16 00:00:00
1726531200,USDT,26258983.06594,2024-09-17 00:00:00
1726617600,USDT,27642719.17296,2024-09-18 00:00:00
1726704000,USDT,27369885.41221,2024-09-19 00:00:00
1726790400,USDT,30133719.31632,2024-09-20 00:00:00
1726876800,USDT,30972835.79642,2024-09-21 00:00:00
1726963200,USDT,30376687.59711,2024-09-22 00:00:00
1727049600,USDT,33898386.74057,2024-09-23 00:00:00
1727136000,USDT,39538600.7192,2024-09-24 00:00:00
1727222400,USDT,48031783.70602,2024-09-25 00:00:00
1727308800,USDT,48299783.02144,2024-09-26 00:00:00
1727395200,USDT,52351729.75059,2024-09-27 00:00:00
1727481600,USDT,55951540.51675,2024-09-28 00:00:00
1727568000,USDT,55364581.31714,2024-09-29 00:00:00
1727654400,USDT,57624932.75934,2024-09-30 00:00:00
1727740800,USDT,51813884.10655,2024-10-01 00:00:00
1727827200,USDT,47477203.16835,2024-10-02 00:00:00
1727913600,USDT,45984770.63183,2024-10-03 00:00:00
1728000000,USDT,45171476.74005,2024-10-04 00:00:00
1728086400,USDT,43628519.49811,2024-10-05 00:00:00
1728172800,USDT,43529457.08484,2024-10-06 00:00:00
1728259200,USDT,42081982.0733,2024-10-07 00:00:00
1728345600,USDT,48551773.32171,2024-10-08 00:00:00
1728432000,USDT,47085393.73311,2024-10-09 00:00:00
1728518400,USDT,43828869.39698,2024-10-10 00:00:00
1728604800,USDT,40946929.2138,2024-10-11 00:00:00
1728691200,USDT,45468982.45489,2024-10-12 00:00:00
1728777600,USDT,47165104.92125,2024-10-13 00:00:00
1728864000,USDT,46764322.44329,2024-10-14 00:00:00
1728950400,USDT,52798542.50886,2024-10-15 00:00:00
1729036800,USDT,54938744.13441,2024-10-16 00:00:00
1729123200,USDT,55727975.92769,2024-10-17 00:00:00
1729209600,USDT,54953811.24478,2024-10-18 00:00:00
1729296000,USDT,58576238.4727,2024-10-19 00:00:00
1729382400,USDT,59771930.1057,2024-10-20 00:00:00
1729468800,USDT,63516360.98314,2024-10-21 00:00:00
1729555200,USDT,61865530.72159,2024-10-22 00:00:00
1729641600,USDT,62182740.68082,2024-10-23 00:00:00
1729728000,USDT,60043088.72316,2024-10-24 00:00:00
1729814400,USDT,66269266.94104,2024-10-25 00:00:00
1729900800,USDT,61289964.97415,2024-10-26 00:00:00
1729987200,USDT,62990845.95024,2024-10-27 00:00:00
1730073600,USDT,66171596.25484,2024-10-28 00:00:00
1730160000,USDT,69453908.87013,2024-10-29 00:00:00
1730246400,USDT,73158598.93499,2024-10-30 00:00:00
1730332800,USDT,72526572.32442,2024-10-31 00:00:00
1730419200,USDT,66513523.16102,2024-11-01 00:00:00
1730505600,USDT,65007584.78065,2024-11-02 00:00:00
1730592000,USDT,63965485.15605,2024-11-03 00:00:00
1730678400,USDT,62848188.20489,2024-11-04 00:00:00
1730764800,USDT,60972048.23492,2024-11-05 00:00:00
1730851200,USDT,66197125.66259,2024-11-06 00:00:00
1730937600,USDT,80247330.48504,2024-11-07 00:00:00
1731024000,USDT,84120804.68172,2024-11-08 00:00:00
1731110400,USDT,85669372.77734,2024-11-09 00:00:00
1731196800,USDT,84241625.81858,2024-11-10 00:00:00
1731283200,USDT,89730475.77071,2024-11-11 00:00:00
1731369600,USDT,105764695.75116,2024-11-12 00:00:00
1731456000,USDT,95880905.96286,2024-11-13 00:00:00
1731542400,USDT,95685187.65931,2024-11-14 00:00:00
1731628800,USDT,88827866.91585,2024-11-15 00:00:00
1731715200,USDT,94894895.32433,2024-11-16 00:00:00
1731801600,USDT,94491221.69222,2024-11-17 00:00:00
1731888000,USDT,100957739.66107,2024-11-18 00:00:00
1731974400,USDT,102035761.30811,2024-11-19 00:00:00
1732060800,USDT,100007463.9002,2024-11-20 00:00:00
1732147200,USDT,99745764.6293,2024-11-21 00:00:00
1732233600,USDT,113573116.79141,2024-11-22 00:00:00
1732320000,USDT,109924573.0253,2024-11-23 00:00:00
1732406400,USDT,107702553.9588,2024-11-24 00:00:00
1732492800,USDT,104730741.70121,2024-11-25 00:00:00
1732579200,USDT,82643385.43465,2024-11-26 00:00:00
1732665600,USDT,77830228.61792,2024-11-27 00:00:00
1732752000,USDT,86843993.43576,2024-11-28 00:00:00
1732838400,USDT,84298366.53648,2024-11-29 00:00:00
1732924800,USDT,87339202.67417,2024-11-30 00:00:00
1733011200,USDT,86007540.27882,2024-12-01 00:00:00
1733097600,USDT,87380127.92268,2024-12-02 00:00:00
1733184000,USDT,81271672.37293,2024-12-03 00:00:00
1733270400,USDT,81816696.78833,2024-12-04 00:00:00
1733356800,USDT,85193960.43346,2024-12-05 00:00:00
1733443200,USDT,87137035.69725,2024-12-06 00:00:00
1733529600,USDT,95184541.4785,2024-12-07 00:00:00
1733616000,USDT,94597106.81018,2024-12-08 00:00:00
1733702400,USDT,92940087.72493,2024-12-09 00:00:00
1733788800,USDT,79833636.81668,2024-12-10 00:00:00
1733875200,USDT,76764616.04516,2024-12-11 00:00:00
1733961600,USDT,85796968.74193,2024-12-12 00:00:00
1734048000,USDT,83769048.18438,2024-12-13 00:00:00
1734134400,USDT,84991528.60234,2024-12-14 00:00:00
1734220800,USDT,81833693.27325,2024-12-15 00:00:00
1734307200,USDT,87492046.82866,2024-12-16 00:00:00
1734393600,USDT,86596543.64583,2024-12-17 00:00:00
1734480000,USDT,84360407.16303,2024-12-18 00:00:00
1734566400,USDT,72624871.79611,2024-12-19 00:00:00
1734652800,USDT,63912520.64171,2024-12-20 00:00:00
1734739200,USDT,48989645.27548,2024-12-21 00:00:00
1734825600,USDT,42361457.31909,2024-12-22 00:00:00
1734912000,USDT,39524475.89418,2024-12-23 00:00:00
1734998400,USDT,38648955.27422,2024-12-24 00:00:00
1735084800,USDT,39912166.32815,2024-12-25 00:00:00
1735164047,USDT,39605637.18605,2024-12-25 22:00:47
